radius,length,start_x,start_y,start_z,end_x,end_y,end_z
0.106878,0.587284,313.696,10.6404,-1.26003,314.255,10.7943,-1.16182
0.0735983,0.485273,312.924,10.7456,-1.3716,312.441,10.7479,-1.41664
0.0735983,0.439853,312.902,10.7457,-1.3737,312.464,10.7478,-1.41453
0.0725543,0.577457,0.577724,-0.0140837,0.0291516,1.14829,-0.00409183,-0.0592309
0.103887,0.96972,312.138,10.7385,-1.43692,311.176,10.6988,-1.54585
0.0656012,0.446658,310.572,10.7,-1.59733,310.127,10.7158,-1.63953
0.100795,2.18406,310.027,10.711,-1.67914,307.859,10.6822,-1.94463
0.152921,3.93557,304.205,10.8152,-2.17316,308.119,10.4795,-1.92608
0.152921,0.336477,305.995,10.6617,-2.06018,306.329,10.633,-2.03905
0.0990602,0.703043,2.16656,0.0161519,-0.160803,2.86286,0.0965275,-0.215432
0.114179,1.00964,306.775,10.5894,-2.01478,307.781,10.6395,-1.94607
0.0423225,0.492842,3.33281,0.0790344,-0.338394,3.82437,0.0515411,-0.36079
0.151508,1.16621,305.63,10.4846,-2.09099,304.494,10.7374,-2.02539
0.0948863,0.380314,303.967,10.6182,-2.28836,304.343,10.6004,-2.23555
0.10819,0.536561,1.53919,0.493462,6.75558,2.07077,0.421103,6.74684
0.0559349,0.527804,4.8179,0.0660215,-0.495199,4.29204,0.0876962,-0.455457
0.103785,0.593877,302.902,10.6835,-2.40197,303.49,10.6608,-2.32366
0.103785,0.394028,303.001,10.6796,-2.3888,303.391,10.6646,-2.33683
0.164768,0.659626,4.89013,0.0674903,-0.647474,5.54579,0.0924737,-0.715243
0.129701,0.69859,301.5,10.6675,-2.61927,302.193,10.5882,-2.58448
0.0785701,0.436351,3.79038,9.06161,-0.325718,4.22324,9.02779,-0.369205
0.10479,0.472608,300.699,10.6531,-2.51599,300.232,10.6194,-2.58057
0.103617,1.94627,299.935,10.5883,-2.72344,297.989,10.6268,-2.76037
0.0475033,1.22266,2.46838,0.49114,6.7415,3.68469,0.519552,6.62028
0.117563,0.445549,6.20293,0.141827,-0.585954,5.79241,-0.0217888,-0.642662
0.092847,3.72382,304.746,10.2106,5.4287,308.463,10.2376,5.63961
0.0618046,0.813542,298.335,10.629,-2.80553,297.534,10.6689,-2.94492
0.0869291,0.413438,6.45583,0.0590366,-0.741733,6.86757,0.030653,-0.766075
0.141772,0.589969,296.717,10.7215,-3.09592,297.295,10.7772,-2.98951
0.215703,2.09594,296.889,10.8581,-2.80607,294.964,10.2527,-3.37233
0.138741,0.668402,4.18574,0.473794,6.77318,4.78971,0.41916,6.49211
0.131648,0.462379,7.4298,-0.0188035,-0.626976,7.06911,0.237852,-0.760468
0.0787626,2.32407,303.656,10.2306,5.26062,301.338,10.3411,5.12744
0.0794354,1.03818,294.118,10.616,-3.14341,295.155,10.5969,-3.08858
0.0471534,0.309809,6.11525,9.08242,-0.586468,6.42355,9.0974,-0.613106
0.278697,1.06271,294.366,10.8063,-3.34652,293.334,10.6482,-3.54559
0.107018,1.47392,293.38,10.5925,-3.27699,291.915,10.6002,-3.43697
0.0697052,1.20637,6.10154,0.4487,6.37959,4.91584,0.516162,6.59151
0.0874291,0.61429,8.5657,0.144486,-0.908383,7.95689,0.0627241,-0.912115
0.101185,0.833289,291.093,10.596,-3.41684,291.924,10.567,-3.47485
0.0799331,0.416725,6.86192,9.09854,-0.65924,7.27455,9.06972,-0.709897
0.219506,0.619131,289.55,10.4429,-3.92415,289.154,10.6799,-3.51085
0.117529,0.988662,288.895,10.5868,-3.61087,287.974,10.3819,-3.90657
0.137549,0.398389,7.90242,9.23769,-0.801197,7.72181,8.88281,-0.813579
0.0679459,1.92955,6.0524,8.66534,6.50005,4.12817,8.59177,6.62287
0.0719443,0.785869,286.727,10.5998,-3.84445,287.509,10.5306,-3.87923
0.0721361,0.638811,6.84528,0.44119,6.33741,6.21523,0.46932,6.43905
0.08547,0.572448,9.72475,0.117331,-1.05117,9.1557,0.089185,-0.99561
0.0627307,0.416469,285.995,10.5723,-3.99535,286.391,10.6125,-3.87282
0.106473,1.16197,285.314,10.6513,-4.00956,284.176,10.5264,-4.20642
0.169924,0.411197,8.8756,9.1487,-0.791751,8.46643,9.1425,-0.751413
0.0839954,0.48223,9.88269,0.211967,-1.05414,10.3141,-0.0012517,-1.08545
0.101541,0.938306,305.386,1.58355,-2.32488,304.468,1.75483,-2.41799
0.103158,1.06469,282.961,10.4047,-4.29125,284.008,10.4681,-4.10559
0.091997,3.94285,293.321,10.225,4.42539,289.39,10.1572,4.13316
0.0542147,0.627918,303.441,1.66988,-2.49557,304.068,1.65406,-2.45261
0.107507,0.43425,10.6,0.214016,-1.09246,10.9616,-0.0186686,-1.15306
0.0889179,0.476442,9.41029,9.10824,-1.02066,9.88172,9.08941,-1.08699
0.126864,0.759468,282.219,10.4334,-4.27109,282.976,10.4132,-4.21326
0.0653418,0.403057,302.42,1.72235,-2.59184,302.822,1.71536,-2.55799
0.0974265,3.85404,300.091,1.77442,-2.70901,303.939,1.67529,-2.53225
0.105979,0.650503,282.025,10.447,-4.34211,281.4,10.56,-4.20193
0.0825374,1.07774,300.957,1.69799,-2.73883,302.03,1.70654,-2.64059
0.0921632,0.576041,11.0078,9.19842,-1.09792,10.4485,9.06435,-1.06712
0.0683925,1.09158,9.17949,0.488569,6.05775,10.2688,0.489859,5.98747
0.0952068,0.867074,11.9642,0.0812027,-1.31639,12.8278,0.116949,-1.38538
0.171472,0.78098,281.104,10.5229,-4.47901,280.328,10.5929,-4.43939
0.0877176,0.608251,12.7897,0.117608,-1.38586,13.3946,0.104507,-1.44839
0.0572828,0.575139,299.963,1.65684,-2.81772,300.532,1.59121,-2.7748
0.0798642,0.580228,10.8992,0.465833,5.97506,10.3213,0.463355,6.02698
0.065306,0.295757,13.6839,0.0968053,-1.4768,13.3921,0.123626,-1.43687
0.0907654,0.649605,279.465,10.5514,-4.50349,280.114,10.5373,-4.51655
0.346498,0.5058,14.1656,0.412719,-1.62532,13.7684,0.172592,-1.82633
0.0990052,1.18784,287.294,10.1763,3.90385,286.111,10.2443,3.98149
0.077041,0.57558,12.9881,9.19852,-1.35684,12.4194,9.12969,-1.30087
0.131719,0.556228,298.766,1.60998,-2.99776,299.279,1.74673,-2.83315
0.067515,1.41848,9.80604,8.65614,6.18311,11.2198,8.66415,6.06719
0.124484,2.46049,298.535,1.68353,-3.00652,300.982,1.53921,-2.80327
0.10679,0.898932,277.948,10.475,-4.73782,278.817,10.5463,-4.51723
0.0945226,0.597607,11.6393,0.546435,5.81349,12.2335,0.565403,5.75275
0.196901,0.568064,14.674,0.131713,-1.34336,14.2664,-0.181304,-1.58546
0.114125,0.93259,298.171,1.61977,-3.08538,297.253,1.55568,-3.23666
0.305108,0.593368,277.275,10.6113,-5.00955,277.709,10.8256,-4.66714
0.0611114,0.500315,14.826,0.0825795,-1.61907,15.3209,0.0976024,-1.6913
0.170368,0.609327,297.074,1.43652,-3.14949,296.469,1.50185,-3.11839
0.170368,1.38797,297.461,1.39478,-3.16936,296.082,1.54359,-3.09852
0.0807229,0.785651,13.2008,9.04683,-1.4121,13.9764,9.16987,-1.38853
0.125927,0.602188,276.071,10.5413,-4.76812,276.672,10.5048,-4.75912
0.510548,2.0051,277.459,10.9545,-4.73403,275.504,10.8399,-5.16246
0.127244,1.14829,295.919,1.66077,-3.23203,294.791,1.53868,-3.4106
0.0758,0.455835,15.3643,0.0805756,-1.67331,15.812,0.140744,-1.73447
0.119215,0.39701,14.5346,9.22526,-1.44101,14.148,9.13897,-1.46743
0.0643512,1.784,12.6282,8.76546,5.8764,10.8518,8.67536,6.01388
0.169901,1.06385,275.825,10.4745,-4.6339,274.819,10.3847,-4.9693
0.165075,2.72891,281.667,10.1667,3.3732,284.355,10.2305,3.84177
0.120794,0.766927,294.523,1.55969,-3.49257,293.804,1.74058,-3.29737
0.160316,1.25827,301.17,1.91499,4.71568,299.925,2.09313,4.71999
0.0877333,0.545785,14.5471,9.07452,-1.54064,15.0863,9.06825,-1.62463
0.059802,0.432447,16.5776,0.112397,-1.81305,16.1486,0.149223,-1.77265
0.119135,0.583952,293.095,1.53693,-3.52868,293.645,1.6221,-3.35356
0.107688,0.943273,273.307,10.4231,-4.99525,274.247,10.4093,-5.06803
0.0375895,1.36417,14.3703,0.469271,5.58422,13.0165,0.5603,5.72565
0.0796833,0.572566,17.1138,0.119718,-1.81285,16.542,0.115373,-1.78378
0.103918,0.794014,292.721,1.65002,-3.52189,291.939,1.62882,-3.66174
0.107466,0.289492,15.5683,9.15817,-1.6996,15.2872,9.0974,-1.66623
0.0970934,0.719069,272.453,10.4695,-5.03282,273.168,10.4126,-5.07911
0.258979,0.592189,17.784,-0.180644,-1.90919,17.251,-0.063343,-1.67934
0.101076,3.27402,281.727,10.1646,3.57114,278.454,10.1706,3.49278
0.0995844,1.12878,290.532,1.5748,-3.70373,291.66,1.61019,-3.67659
0.10913,0.372574,16.0357,9.08889,-1.76899,16.3703,9.23453,-1.69373
0.0742348,1.88972,15.3885,8.72251,5.68502,13.5055,8.71292,5.84375
0.0562117,0.438703,18.1657,0.143051,-1.87299,17.7314,0.0831233,-1.88915
0.0775184,0.462475,16.5784,9.11483,-1.67574,17.0356,9.13013,-1.74407
0.0697686,0.79493,271.342,10.4266,-5.12252,272.117,10.518,-4.97009
0.0957647,0.815218,15.7664,0.507617,5.48318,14.9531,0.491801,5.53685
0.127007,0.488305,18.1714,0.178316,-2.00912,18.6407,0.170232,-2.1439
0.0360351,0.557633,289.696,1.67973,-3.7379,290.246,1.5969,-3.77693
0.11677,2.00075,296.61,2.15024,4.35717,294.618,2.11262,4.17043
0.0884184,0.467395,17.5438,8.93606,-1.79126,17.1626,9.20596,-1.80772
0.0745553,0.736122,19.4336,0.0850155,-2.04977,18.701,0.146709,-2.01406
0.149596,0.426804,17.5315,9.09574,-1.73381,17.9498,9.1735,-1.76702
0.149031,0.46978,270.913,10.4893,-5.03635,270.496,10.3519,-5.20333
0.106124,0.456328,19.5167,0.160388,-2.03285,19.9425,0.0670545,-2.16788
0.0779863,0.721716,289.312,1.61733,-3.88293,288.604,1.55707,-4.00964
0.106285,0.587578,18.1548,9.13256,-1.91189,18.739,9.17907,-1.95364
0.107445,0.96699,269.29,10.4226,-5.40818,270.235,10.5014,-5.21999
0.113788,1.2891,275.676,10.0622,3.23263,276.954,10.143,3.38124
0.15361,1.10163,287.068,1.44171,-4.09415,288.162,1.48204,-3.97773
0.0662897,0.975572,294.323,2.00936,4.24645,293.356,2.02265,4.11243
0.0927696,0.602393,18.8095,9.12604,-1.99468,19.4087,9.17804,-2.02797
0.109871,1.04389,267.86,10.3989,-5.38939,268.9,10.4419,-5.30589
0.11739,0.386045,20.4038,0.113242,-2.28401,20.7154,0.249938,-2.10178
0.162056,0.666693,286.431,1.49534,-4.16673,287.018,1.67147,-3.90286
0.118442,0.782448,292.404,1.98119,3.83805,293.126,2.10518,4.1139
0.0617883,0.895083,18.5393,0.524356,5.25804,17.6517,0.552825,5.37034
0.094236,0.386356,21.1924,0.24706,-2.21013,20.8455,0.165802,-2.3596
0.144561,0.815979,286.371,1.57141,-4.22952,285.563,1.67971,-4.21112
0.0859413,0.402321,19.8143,9.16987,-2.07739,19.4157,9.13247,-2.03687
0.0729119,0.485024,21.7581,0.135258,-2.25758,21.2834,0.108076,-2.35352
0.0909212,1.2673,290.393,1.99078,3.88983,291.659,1.97024,3.92599
0.0715458,0.383931,20.1866,9.11292,-2.12336,19.8101,9.14301,-2.05457
0.12583,0.538794,267.201,10.4954,-5.36295,266.726,10.4499,-5.61171
0.106181,0.843059,284.39,1.45401,-4.40488,285.192,1.6209,-4.20827
0.0716817,0.374447,20.5373,9.07897,-2.13053,20.1657,9.09296,-2.08617
0.0773296,0.629573,283.854,1.60969,-4.29643,283.24,1.53212,-4.4118
0.0789446,0.557367,19.0357,0.573289,5.21096,19.5855,0.555097,5.12102
0.0754789,0.550134,22.3641,0.129108,-2.43636,21.8333,0.180498,-2.30124
0.232182,0.733222,22.6837,-0.182373,-2.64373,22.7614,0.3703,-2.1682
0.101844,0.830722,289.163,1.98781,3.85586,289.992,2.01403,3.91362
0.104601,0.552405,265.218,10.472,-5.58656,264.673,10.4538,-5.67836
0.135674,0.58151,282.33,1.53378,-4.50281,282.905,1.57589,-4.42489
0.104619,0.577038,22.2566,9.14157,-2.25768,21.68,9.15614,-2.2762
0.13452,1.25007,288.662,2.07567,3.82962,287.452,2.00081,3.52413
0.13452,0.266806,288.186,2.04623,3.70948,287.928,2.03025,3.64428
0.100534,0.871859,280.882,1.53479,-4.64057,281.744,1.56501,-4.50879
0.100226,0.301622,22.4784,9.10062,-2.31213,22.2361,9.27434,-2.26609
0.101067,1.04257,20.2423,8.72007,5.13838,19.21,8.76404,5.27755
0.100376,0.539186,22.5564,9.17511,-2.33216,23.0897,9.10474,-2.36823
0.147836,0.791584,263.295,10.519,-5.64868,262.666,10.298,-6.07511
0.0598168,0.618243,21.0898,0.606427,5.08138,21.6992,0.566174,4.98477
0.0976457,0.584727,24.6924,0.106984,-2.67225,24.1129,0.109136,-2.59413
0.104453,3.00732,268.368,10.0742,2.72339,271.368,10.1051,2.92723
0.282954,0.951792,280.518,1.26707,-4.54076,279.638,1.30335,-4.90131
0.157292,0.858174,286.487,2.11638,3.69877,285.669,2.05711,3.44585
0.0724707,0.495273,23.2471,9.11381,-2.37957,23.7137,9.23644,-2.4913
0.265801,1.00844,261.406,10.3208,-5.66661,262.327,10.1639,-6.04746
0.0634473,0.56662,22.2616,0.586943,4.90156,22.8174,0.525432,4.81048
0.125253,0.530711,279.544,1.52431,-4.85019,279.066,1.50756,-4.62011
0.0984905,0.596286,25.209,0.100783,-2.62893,25.797,0.0484437,-2.71358
0.139957,1.09253,260.183,10.3404,-5.99461,261.275,10.3588,-5.95473
0.0820544,0.634868,24.1125,9.10571,-2.52358,24.7433,9.07481,-2.58814
0.0569867,0.590219,23.5873,0.550471,4.75662,23.0045,0.562711,4.84952
0.182969,0.477023,26.2759,0.0173379,-2.92144,25.8968,0.296593,-2.84496
0.0685493,1.28764,266.976,10.1474,2.78988,268.261,10.0981,2.72683
0.113249,1.18373,278.823,1.51228,-4.71269,277.651,1.49617,-4.8792
0.10276,1.92321,282.756,1.9522,3.22623,284.661,2.04628,3.47153
0.142408,0.741128,27.0878,0.0928843,-2.97436,26.3535,0.0968284,-2.87346
0.121983,0.80539,259.243,10.3813,-6.14266,259.97,10.4507,-5.80184
0.101404,0.333899,25.4207,9.26923,-2.56733,25.2431,9.00217,-2.66018
0.105811,0.704772,24.4431,0.543313,4.69106,23.7476,0.542727,4.80495
0.123825,0.442834,25.4373,9.15422,-2.57635,25.8685,9.0807,-2.64536
0.124179,1.3081,276.238,1.59253,-5.04137,277.539,1.60675,-4.90371
0.0929392,4.25006,272.389,1.49385,-5.27641,276.635,1.4751,-5.09011
0.071388,0.389706,26.266,9.09213,-2.71951,25.9163,9.23444,-2.6228
0.0775596,1.51378,23.262,8.72088,4.98762,24.7724,8.76124,4.89483
0.106864,0.63622,25.2184,0.563125,4.50739,24.6565,0.696538,4.7742
0.112757,0.432684,27.7402,0.177619,-2.95554,27.3123,0.182544,-2.89129
0.118352,1.06652,282.349,1.92687,3.24744,281.285,1.95557,3.19118
0.0778245,0.575621,274.408,1.55726,-5.13082,274.982,1.53621,-5.17226
0.0684629,1.87886,279.322,1.94485,3.02138,281.189,2.0409,3.21598
0.231596,0.488525,257.277,10.0658,-6.31322,257.229,10.2998,-5.88705
0.161512,0.55585,258.031,10.3045,-6.05683,257.497,10.2468,-6.19672
0.121454,0.636448,274.296,1.60728,-5.08703,273.675,1.55066,-5.21478
0.108822,0.336279,26.9678,9.17056,-2.73333,27.2986,9.15313,-2.79136
0.0762868,0.314433,28.9305,0.159439,-3.07472,28.6164,0.160741,-3.06148
0.093786,0.406623,256.417,10.4707,-6.18993,256.027,10.4328,-6.30083
0.0590332,0.258137,27.373,9.15618,-2.7791,27.612,9.09846,-2.85785
0.141937,1.08435,272.295,1.52067,-5.28554,273.377,1.52377,-5.21091
0.0898083,1.16816,278.976,1.94319,3.01107,277.813,1.92287,2.90279
0.110268,0.604158,255.172,10.3554,-6.33915,255.77,10.3858,-6.26123
0.160052,0.553509,28.2189,9.39958,-2.82416,27.7453,9.15811,-2.97829
0.244016,1.3093,270.994,1.28491,-5.46825,272.295,1.3088,-5.31778
0.158429,0.8899,276.711,1.87972,2.97638,277.595,1.7868,2.94449
0.101753,0.606401,254.202,10.3608,-6.41036,254.772,10.4463,-6.22168
0.0865241,0.511294,28.776,9.27357,-2.85525,28.3228,9.07911,-2.99048
0.111129,0.974987,270.971,1.41519,-5.40932,269.997,1.40705,-5.43782
0.396994,0.735076,276.535,1.94405,3.31779,276.067,1.51521,2.94806
0.0759606,0.481859,28.8862,9.20712,-2.93875,29.3657,9.18544,-2.98082
0.0738286,2.9987,25.2165,8.76939,4.92158,28.1941,8.73872,4.56833
0.161134,1.01962,253.975,10.4257,-6.30182,252.99,10.3142,-6.5376
0.114944,0.509076,29.3767,9.22734,-2.93005,29.8439,9.04161,-3.01013
0.0732817,0.630913,31.4808,0.21093,-3.24719,30.851,0.187,-3.21843
0.0890181,0.806568,27.9263,0.576419,4.39766,28.7314,0.606369,4.35895
0.20418,0.551486,31.4674,-0.0267881,-3.34393,31.8372,0.280325,-3.07359
0.119131,0.759872,268.544,1.4586,-5.64252,269.283,1.48549,-5.46897
0.106824,1.32802,273.864,1.88582,2.64861,275.19,1.88373,2.71586
0.0966221,0.577638,30.6137,9.26744,-3.19517,30.0671,9.09749,-3.11805
0.115522,1.03082,251.758,10.2894,-6.52499,252.789,10.2681,-6.51358
0.109378,0.576528,267.935,1.45221,-5.69017,268.488,1.48277,-5.52953
0.0557827,0.367099,31.1224,9.20143,-3.18396,30.7663,9.29076,-3.18519
0.103173,0.790545,32.0295,0.189542,-3.39374,32.818,0.178169,-3.44997
0.117817,1.13028,251.549,10.2791,-6.54102,250.42,10.2836,-6.59597
0.117181,1.23039,257.098,10.0571,2.02457,258.325,10.0615,2.10759
0.107256,0.539649,31.1511,9.19205,-3.07743,31.6869,9.16444,-3.13503
0.0776888,1.05412,272.335,1.96338,2.59865,273.388,1.94488,2.5835
0.0835444,0.484507,31.7144,9.22298,-3.18217,32.1572,9.06638,-3.30105
0.132289,0.712211,266.305,1.53893,-5.597,265.67,1.35783,-5.86342
0.390203,0.929846,33.827,-0.193329,-3.41696,33.0136,0.00457935,-3.01236
0.0869378,0.999593,271.166,2.02824,2.60955,272.135,1.90288,2.39814
0.106943,0.578572,248.909,10.2493,-6.71631,249.486,10.2294,-6.75537
0.113342,0.99285,264.625,1.42901,-5.87575,265.617,1.38784,-5.88047
0.331046,1.29612,271.119,1.78719,2.87852,269.912,1.57793,2.45397
0.331046,0.432046,270.716,1.71743,2.73701,270.314,1.64768,2.59549
0.106489,0.774329,264.342,1.48515,-5.93759,263.597,1.50966,-6.14854
0.0632065,0.791065,32.4876,0.614267,4.03787,31.6992,0.600169,4.10168
0.110242,0.424221,34.8097,0.118822,-3.56329,35.2163,0.226706,-3.61856
0.117837,1.38897,31.6156,8.7989,4.45135,30.2488,8.62753,4.27296
0.224234,2.2069,267.448,2.03111,2.15737,269.651,1.91098,2.12226
0.0772897,0.661877,34.4557,9.24961,-3.4128,33.8203,9.08134,-3.49039
0.114486,0.873604,247.099,10.3546,-6.88448,247.949,10.3828,-6.68578
0.109133,1.19517,34.0912,0.678337,3.92732,32.9019,0.564335,3.89827
0.307181,0.8441,36.5874,0.0355482,-3.55928,35.7741,-0.139217,-3.70257
0.0661449,3.62243,255.839,10.1852,2.20137,252.269,9.94546,1.6347
0.0728087,0.548632,34.6672,9.27149,-3.46668,35.2125,9.22819,-3.50921
0.219112,1.07338,263.417,1.42715,-6.2596,262.427,1.41392,-5.84363
0.118311,0.601501,36.5962,0.20747,-3.70406,37.1791,0.137939,-3.83492
0.0886505,0.490572,34.2721,0.54746,3.93163,34.7607,0.544482,3.88737
0.112269,0.486011,36.1911,9.21129,-3.65565,35.7075,9.23801,-3.61495
0.148076,1.52622,32.5307,8.89727,4.21379,34.0529,8.90996,4.10373
0.176994,0.611763,246.264,10.1165,-7.03474,246.708,10.2782,-6.6455
0.146949,0.563887,37.9372,0.113003,-4.10452,37.5403,0.359692,-3.78903
0.157327,1.17279,246.692,10.3386,-6.7988,245.544,10.2614,-7.0261
0.0514251,0.698061,37.0211,9.17574,-3.72046,36.3295,9.20793,-3.63158
0.1042,0.861246,35.7729,0.650593,3.79337,34.9196,0.536299,3.81631
0.0891322,0.374651,38.1582,0.215874,-3.9084,38.528,0.271174,-3.88458
0.175547,0.613055,37.5653,9.02231,-3.76749,37.0174,9.23003,-3.58717
0.0918474,0.901148,35.7716,0.689377,3.86172,36.6182,0.484288,3.63065
0.0909147,0.530821,38.161,9.22368,-3.7862,37.6328,9.22752,-3.73402
0.114932,0.587819,261.785,1.44426,-5.98152,262.328,1.38763,-6.19912
0.0842546,0.422059,38.3667,9.18574,-3.82644,38.788,9.21104,-3.82507
0.216527,2.05294,36.9687,0.717357,3.5002,39.0166,0.793069,3.37816
0.130492,0.303032,38.954,9.28668,-3.69474,38.9816,9.07826,-3.91298
0.0785956,0.489961,39.612,9.16395,-3.97388,39.1588,9.27249,-3.82263
0.126371,0.6436,39.6685,9.25529,-3.93085,40.3088,9.31468,-3.95858
0.335113,1.21351,41.1596,9.38092,-3.68297,40.2836,8.80274,-4.29196
0.172123,0.696369,40.8512,9.38357,-4.01483,41.4397,9.17966,-4.32625
0.12595,3.94218,39.198,8.76194,3.82812,43.1287,8.7661,3.5267
0.463617,1.40348,-0.344343,0.517294,6.5627,0.977863,0.968484,6.69664
0.0619624,0.495844,4.29673,9.00778,-0.40109,4.78705,8.99865,-0.474354
0.284523,1.04354,6.80103,8.7476,6.16057,7.80389,8.99419,6.31033
0.0815626,0.486455,0.93843,0.467866,6.84799,1.42325,0.453057,6.81102
0.0492216,0.482771,5.39834,9.11817,-0.548224,4.92412,9.063,-0.476498
0.149272,0.474422,5.44311,9.08752,-0.63407,5.8615,8.86385,-0.632806
0.067352,1.17528,8.00773,8.66983,6.22504,9.18037,8.72611,6.17011
0.0894367,1.05984,6.54037,9.04821,-0.643094,7.59351,9.06974,-0.76013
0.115639,0.580152,261.448,1.44037,-6.13894,260.87,1.45751,-6.18711
0.171673,1.31513,7.76384,8.77975,-0.702506,8.96336,9.29062,-0.874925
0.0857565,0.635579,2.03389,0.0606332,-0.168054,1.40091,0.0251654,-0.122931
0.127691,0.673651,245.462,10.2463,-6.97595,244.797,10.2981,-6.88387
0.265744,1.03681,10.1294,8.86645,-1.21504,9.20778,9.28382,-0.988498
0.101471,3.24316,251.514,9.98359,1.79412,248.288,9.88694,1.47441
0.094008,1.16094,2.63237,0.0789416,-0.257521,3.78619,0.0750415,-0.385842
0.217395,0.701664,260.76,1.22787,-6.13567,260.06,1.2748,-6.12065
0.112568,1.19349,9.97073,9.07635,-1.06316,11.1547,9.05296,-1.2119
0.0849247,0.562399,265.349,1.8337,2.13418,265.909,1.83216,2.1832
0.12452,0.479886,243.855,10.2405,-6.93727,244.33,10.2434,-7.00723
0.114231,0.644783,11.9242,8.98518,-1.31395,11.2978,9.10291,-1.2165
0.189184,0.625168,259.32,1.5556,-6.42564,259.78,1.63874,-6.01074
0.189184,1.23927,259.094,1.51476,-6.62942,260.006,1.67957,-5.80697
0.151832,0.841984,265.167,2.01159,2.21383,264.411,1.81001,1.90462
0.125222,0.630505,242.983,10.226,-7.04304,243.61,10.2356,-6.97994
0.152726,0.93335,259.186,1.403,-6.2603,258.266,1.3352,-6.40153
0.159382,1.98997,13.8895,9.2359,-1.47224,11.9084,9.08584,-1.36104
0.120345,0.613564,242.064,10.2649,-7.12156,242.672,10.259,-7.04271
0.102913,1.05554,257.852,1.34148,-6.34061,256.804,1.31187,-6.46264
0.136239,0.735152,15.5612,8.65296,5.59115,16.2747,8.73919,5.74595
0.201684,0.585459,241.334,10.1316,-7.31312,241.645,10.2465,-6.83076
0.078791,0.790675,255.733,1.35649,-6.52645,256.518,1.39898,-6.44226
0.113631,0.629943,240.328,10.2115,-7.22929,240.935,10.2639,-7.07019
0.0921401,1.2896,255.575,1.36401,-6.54162,254.29,1.36275,-6.65318
0.107832,1.6647,260.166,1.77381,1.8002,261.826,1.84703,1.89635
0.111451,1.90937,260.029,1.77758,1.82143,258.121,1.77907,1.75072
0.0708469,1.86206,18.7408,8.75197,5.39658,16.8841,8.73424,5.53667
0.214563,0.632897,238.605,10.2543,-7.47272,238.929,10.3536,-6.93831
0.120797,0.708457,253.436,1.34443,-6.65257,254.141,1.35719,-6.58568
0.14508,0.639401,237.663,10.2382,-7.45919,238.278,10.2753,-7.28912
0.182526,1.20489,251.99,1.40192,-6.69776,253.186,1.30233,-6.80758
0.232482,1.57085,256.384,1.96639,1.49937,257.899,2.06126,1.90339
0.127518,1.3104,9.08651,0.153511,-1.00662,7.79313,0.181086,-0.79794
0.0966843,0.45876,237.004,10.271,-7.39985,237.462,10.2673,-7.37643
0.123552,4.67105,241.863,9.83814,1.30631,246.53,9.87366,1.49338
0.0818356,2.46983,20.8805,8.76231,5.27227,18.419,8.77962,5.47374
0.131403,0.545683,236.544,10.2983,-7.27969,236.117,10.2801,-7.61951
0.0595666,0.346773,15.6947,9.04274,-1.63445,16.0376,9.09044,-1.6534
0.0993381,0.888942,250.744,1.32511,-6.72928,251.606,1.29355,-6.94556
0.141436,1.93315,9.0075,0.125128,-0.93964,10.9291,-0.0113127,-1.10115
0.177024,0.85938,235.936,10.2128,-7.29105,235.138,10.1154,-7.59464
0.116996,0.61587,250.059,1.29608,-6.92293,250.667,1.28194,-6.82146
0.0630832,0.864482,234.353,10.2158,-7.50139,235.212,10.1889,-7.59689
0.162616,0.648207,249.67,1.44982,-6.77726,249.123,1.43054,-7.12354
0.128424,0.825898,255.405,1.74877,1.49516,254.58,1.77791,1.47347
0.114103,0.656332,233.642,10.2388,-7.60094,234.293,10.2366,-7.518
0.0999619,0.462582,248.873,1.34446,-7.01219,248.411,1.34666,-7.00033
0.13594,0.941902,253.053,1.76249,1.28635,253.928,1.92198,1.59571
0.183698,0.59247,232.883,10.2541,-7.49695,233.395,10.2804,-7.79344
0.178993,0.722585,247.324,1.44544,-6.9252,248.006,1.38203,-7.15677
0.157325,1.94779,251.092,1.7859,1.39838,253.039,1.72964,1.42487
0.172455,0.595248,231.945,10.2538,-7.48073,232.448,10.2449,-7.79999
0.137302,1.01126,230.718,10.2615,-7.64798,231.716,10.2511,-7.8058
0.180662,0.89109,229.854,10.2774,-7.70464,230.739,10.2353,-7.80435
0.151168,0.60075,244.399,1.30345,-7.09534,244.993,1.26908,-7.17622
0.124158,1.25946,250.574,1.69685,1.18312,249.317,1.68775,1.09518
0.11713,5.10378,233.89,9.84091,0.943293,238.992,9.8477,1.09546
0.0854553,0.56371,11.6992,0.170001,-1.28446,11.1554,0.0345963,-1.22347
0.0973365,0.852351,244.144,1.37796,-7.1382,243.304,1.33001,-7.27519
0.0973365,0.661916,244.05,1.3726,-7.15351,243.398,1.33537,-7.25989
0.212645,2.76083,249.155,1.80833,1.30466,246.428,1.66362,0.900031
0.19194,0.586523,242.822,1.31178,-7.24412,243.394,1.24854,-7.36071
0.172383,0.980213,228.463,10.0901,-7.93323,227.562,10.3142,-7.62041
0.144528,0.607786,241.966,1.33459,-7.4364,242.545,1.40635,-7.26436
0.130861,0.589213,226.045,10.2612,-7.84363,226.63,10.249,-7.91173
0.155181,0.677196,16.476,0.424866,5.24929,15.9936,0.761034,5.58515
0.218861,0.541891,240.392,1.51676,-7.39453,240.9,1.40926,-7.55093
0.192488,1.78483,244.315,1.74783,1.18703,246.054,1.584,0.816132
0.178035,0.650375,225.369,10.2522,-7.59727,225.876,10.1236,-7.98318
0.245004,3.54651,228.734,9.88506,0.604788,232.261,10.0213,0.949728
0.127029,0.786123,239.912,1.38921,-7.55492,239.155,1.52167,-7.39072
0.184523,0.759413,16.6749,0.600386,5.28291,17.405,0.519997,5.08972
0.15582,0.669328,224.432,10.1933,-7.82715,225.077,10.1361,-7.99589
0.234142,0.725189,21.4715,9.02204,-2.49957,20.8427,9.29412,-2.26199
0.433669,0.899691,238.343,1.40883,-7.99281,238.987,1.78269,-7.48828
0.11404,1.54056,244.481,1.756,0.886504,242.944,1.74397,0.774264
0.147907,0.814693,224.29,10.1596,-8.0235,223.475,10.1508,-8.00869
0.182226,0.644139,237.52,1.35618,-7.38164,238.1,1.18133,-7.60009
0.0847818,1.27074,241.644,1.70474,0.630259,242.897,1.77406,0.829758
0.17097,0.690197,237.31,1.23067,-7.68471,236.69,1.38835,-7.42438
0.17132,0.730946,222.455,10.0469,-8.07507,223.185,10.0567,-8.0663
0.150725,0.700676,236.022,1.38654,-7.61029,236.675,1.25562,-7.82701
0.117191,1.17876,240.198,1.61111,0.59846,241.34,1.70731,0.873184
0.125357,0.508566,221.781,10.1516,-8.0499,222.289,10.1512,-8.06471
0.12873,2.68926,228.079,9.94583,0.805374,225.411,9.81665,0.492638
0.127229,0.502068,234.417,1.26345,-7.8747,234.824,1.37665,-7.60277
0.106058,1.16679,239.007,1.63182,0.614032,240.173,1.63542,0.670092
0.133149,1.27508,221.301,10.1627,-8.15032,220.043,10.1409,-8.35698
0.157524,0.571958,233.791,1.16847,-7.86853,234.298,1.30263,-7.63992
0.212631,1.00407,23.0435,9.16787,-2.49254,24.0265,8.97316,-2.55475
0.163806,0.966136,219.111,10.1799,-8.24197,220.072,10.2,-8.14383
0.234449,0.652812,233.582,1.27684,-8.0702,233.152,1.52984,-7.64912
0.125747,1.81939,238.531,1.61499,0.569817,236.712,1.65627,0.573039
0.171424,0.696695,232.633,1.21443,-7.86684,231.937,1.21439,-7.89307
0.0585306,0.804222,19.8606,0.561079,5.1683,20.6597,0.557284,5.0784
0.21983,0.72421,218.456,10.1455,-8.58962,217.918,10.3561,-8.15289
0.121832,0.639327,231.112,1.23926,-7.97692,231.724,1.32311,-7.8114
0.173266,1.6592,235.153,1.51411,0.330593,236.717,1.80318,0.80316
0.166833,0.692695,217.734,10.1607,-8.25132,217.046,10.115,-8.32177
0.220882,0.63314,230.292,1.09498,-7.93846,230.924,1.09947,-7.89992
0.117477,0.673678,217.029,10.1049,-8.29034,216.356,10.113,-8.26937
0.142997,0.475646,229.641,1.21796,-7.95919,230.105,1.18311,-8.05702
0.0851917,0.519001,216.119,10.1524,-8.29917,215.605,10.1321,-8.36619
0.128397,0.806615,228.488,1.18023,-8.0798,229.29,1.22045,-7.99852
0.122065,0.847104,215.533,10.1502,-8.33098,214.686,10.1507,-8.3212
0.114351,0.62331,228.441,1.18648,-8.01497,227.821,1.15412,-8.07183
0.159823,0.622401,227.667,1.1204,-8.21285,227.077,1.20339,-8.0347
0.0952356,5.5408,27.2761,8.79436,4.70595,32.7946,8.76505,4.21086
0.0947756,0.93502,231.94,1.58626,0.253577,232.871,1.60254,0.342158
0.123746,0.946115,213.296,10.0302,-8.49651,214.24,10.0553,-8.44554
0.0952961,0.611076,226.812,1.20552,-8.22068,226.256,1.23691,-7.97001
0.127059,1.04942,230.619,1.6748,0.262165,231.665,1.6944,0.344096
0.430319,0.999753,212.257,10.2165,-8.87489,212.859,10.4674,-8.11752
0.430319,2.74749,211.73,9.99718,-9.5369,213.386,10.6867,-7.45551
0.068662,0.384872,26.8656,9.14942,-2.69716,26.4828,9.13753,-2.65877
0.13418,0.95881,225.275,1.18914,-8.33223,226.216,1.17067,-8.15216
0.255668,0.60529,225.023,1.14693,-8.5429,224.641,1.04093,-8.08569
0.221346,1.00298,229.92,1.78267,0.207173,228.919,1.77375,0.155108
0.274842,0.712451,211.333,10.482,-8.22914,211.173,10.1982,-8.86269
0.120885,1.21557,224.37,1.16523,-8.28749,223.158,1.15978,-8.20197
0.149758,0.735541,210.179,10.0178,-8.55391,210.901,10.0682,-8.42137
0.177387,1.47371,226.61,1.69792,0.0382449,228.078,1.69714,0.162084
0.103569,0.630578,210.113,10.1124,-8.55745,209.483,10.0984,-8.59544
0.14069,1.05717,222.726,1.19688,-8.35618,221.671,1.21092,-8.29278
0.184107,0.887525,208.409,10.1315,-8.71534,209.266,10.1898,-8.49137
0.0748678,1.03392,26.4431,0.605442,4.54514,25.4134,0.604648,4.63946
0.0922635,0.909496,225.64,1.63173,-0.00424173,226.479,1.72216,0.33382
0.200389,1.38802,221.218,1.13379,-8.22932,219.862,1.05932,-8.51393
0.666354,1.73136,206.136,9.55814,-8.40049,207.862,9.57018,-8.26037
0.666354,0.646052,206.677,9.56192,-8.35657,207.321,9.56641,-8.30428
0.118423,0.814183,218.836,1.32405,-8.29457,219.622,1.19068,-8.4577
0.118423,1.23645,218.632,1.35864,-8.25226,219.826,1.15609,-8.5
0.200606,2.03912,225.265,1.46994,0.12956,223.226,1.48351,0.0677085
0.185403,0.74938,206.323,10.1818,-8.66509,205.578,10.138,-8.73573
0.092508,0.873223,27.4308,0.701202,4.5137,26.5766,0.543298,4.42524
0.141535,0.634826,218.267,1.28638,-8.44886,218.757,1.0565,-8.78064
0.136055,0.637448,205.633,10.1026,-8.68768,205.001,10.0963,-8.60562
0.175195,0.462544,217.734,1.00016,-8.59129,217.915,1.25642,-8.2513
0.613597,1.71458,23.0606,0.349537,-3.06464,24.6623,0.872014,-2.74645
0.204743,1.7297,28.8577,0.460304,4.43503,27.1328,0.332974,4.44927
0.155836,0.610911,204.959,10.0215,-8.75684,204.348,9.99829,-8.75337
0.138346,0.635994,216.905,1.27189,-8.57903,217.526,1.34593,-8.45839
0.109148,2.1746,222.138,1.58284,-0.0439885,219.974,1.52065,-0.245594
0.42248,0.675215,204.315,10.4417,-8.90805,203.757,10.43,-8.52836
0.261541,3.37564,211.691,10.0085,0.346046,208.36,9.78002,-0.150779
0.150443,0.543209,216.775,1.16289,-8.51462,216.255,1.08922,-8.65537
0.11055,0.85042,202.678,9.95525,-8.88726,203.512,9.96389,-8.72619
0.073487,0.384826,24.9193,0.268505,-2.6352,25.2973,0.210472,-2.67794
0.153629,0.688227,215.438,1.0941,-8.53638,216.104,1.06927,-8.70498
0.0879608,0.704669,32.9119,9.29225,-3.29268,32.2173,9.17738,-3.26415
0.0406564,2.46912,37.553,8.75236,3.84185,35.1,8.84426,4.10779
0.191952,0.499737,215.174,0.982456,-8.80425,214.864,1.0618,-8.42054
0.109106,1.88603,218.056,1.63771,-0.0274682,219.931,1.54928,-0.212422
0.194825,0.625022,201.803,10.0025,-8.70532,202.318,9.81876,-9.00713
0.0681235,0.482177,32.9672,9.23898,-3.29605,33.4463,9.23773,-3.34995
0.1902,0.87952,214.546,1.0851,-8.7167,213.668,1.07991,-8.66316
0.14033,0.873153,200.898,10.0208,-8.82394,201.761,10.0908,-8.71413
0.181644,2.27184,35.7017,9.34153,-3.42738,33.4624,8.96265,-3.48717
0.149717,0.772828,212.73,1.15925,-8.71571,213.497,1.14932,-8.80416
0.152113,0.719726,212.229,1.15579,-8.70561,211.517,1.14403,-8.80618
0.191037,1.02694,216.231,1.66202,-0.224353,217.246,1.62414,-0.374264
0.686535,1.37944,198.552,9.2138,-9.14248,199.652,9.53381,-8.37381
0.14875,1.03461,216.08,1.48394,-0.319001,215.046,1.46901,-0.332043
0.120053,1.46568,205.876,9.62432,-0.110232,204.419,9.7254,0.0154994
0.285554,6.97905,45.2176,8.56711,3.39071,38.274,8.67449,4.08496
0.142315,0.678511,210.735,1.2446,-8.64348,210.122,1.12952,-8.91194
0.0801345,2.11901,31.6048,0.625931,4.09491,29.4957,0.615667,4.29973
0.221133,0.574898,197.508,10.162,-9.10626,198.028,10.2255,-8.86906
0.131181,0.538264,209.651,0.988202,-9.04756,209.879,1.18279,-8.60047
0.120793,1.02812,214.586,1.51656,-0.373756,213.558,1.50674,-0.386887
0.108274,0.423858,27.9821,0.184801,-2.86861,28.3922,0.124192,-2.95684
0.285838,0.798957,197.089,10.095,-8.5558,196.793,9.8785,-9.26557
0.107848,1.90369,200.925,9.61764,-0.0994973,202.827,9.65528,-0.0187324
0.157433,0.588433,209.251,1.18919,-8.72802,208.757,1.07249,-9.0257
0.125734,0.507191,196.517,10.1053,-8.92074,196.012,10.0764,-8.95613
0.321209,0.748852,208.228,0.781707,-9.14519,208.16,0.981443,-8.4266
0.172146,1.37442,212.986,1.50883,-0.553959,211.631,1.6197,-0.352591
0.187625,0.855302,194.933,9.89957,-9.05321,195.772,9.94788,-8.89715
0.189835,0.985309,206.822,1.1063,-8.83936,207.786,1.0365,-9.03046
0.272127,0.815355,206.683,0.981431,-8.69698,205.914,0.88433,-8.94983
0.208587,1.13762,211.197,1.71311,-0.370537,210.125,1.51758,-0.697133
0.130951,1.60152,194.852,10.0496,-9.08776,193.258,10.0869,-8.93136
0.0772571,0.576305,29.0148,0.0766526,-3.0054,29.5489,0.137898,-3.21307
0.293063,0.830412,205.361,0.907302,-9.36163,205.456,1.28397,-8.62773
0.169152,0.536664,192.799,10.1494,-8.79478,192.972,10.0353,-9.28972
0.16954,0.545625,204.126,1.1425,-8.95657,204.661,1.10627,-9.05764
0.132467,0.780267,208.666,1.49207,-0.645066,209.427,1.59063,-0.502381
0.155451,0.707409,203.381,1.07557,-8.95433,204.081,1.05225,-9.05248
0.091418,0.811391,30.3336,0.174557,-3.24995,29.534,0.128878,-3.11977
0.172015,2.16053,209.607,1.41616,-0.533469,207.454,1.46181,-0.348332
0.162231,0.795419,202.538,1.10616,-8.98132,203.32,1.07711,-9.12562
0.0977988,2.41928,30.2855,0.195064,-3.2725,32.6986,0.225131,-3.44276
0.406947,1.12494,191.404,10.1598,-9.54287,190.447,10.3831,-8.99549
0.195476,1.84446,197.173,9.72946,-0.244976,195.33,9.72757,-0.311273
0.153589,0.727487,201.903,0.986423,-9.04361,202.627,0.968001,-9.10353
0.180261,1.51958,201.893,1.14106,-9.02828,200.378,1.15284,-9.15193
0.332822,0.996282,189.321,10.1623,-9.36902,190.042,10.4208,-8.7318
0.297851,1.23911,205.766,1.16178,-0.89883,204.801,1.47445,-0.186258
0.244073,0.945023,188.212,9.7542,-9.19248,189.115,9.85537,-8.93177
0.184766,0.781999,200.155,1.18298,-8.92534,199.493,1.06642,-9.32544
0.177659,0.789029,199.543,1.25177,-8.97593,198.827,1.1021,-9.27157
0.14656,0.85191,204.716,1.4581,-0.633841,203.864,1.4696,-0.618552
0.145439,0.913755,187.072,9.93645,-9.14166,187.985,9.95954,-9.11001
0.198662,3.79682,191.495,9.71635,-0.379863,195.291,9.72357,-0.314508
0.14556,0.640672,187.093,10.0127,-9.12807,186.456,10.0033,-9.19903
0.143624,0.652551,197.836,0.895937,-9.37444,198.206,1.0627,-8.86353
0.157507,1.57208,201.735,1.40142,-0.772645,203.302,1.42126,-0.645037
0.153316,0.620712,185.864,9.93579,-9.2207,186.445,10.021,-9.02087
0.155464,1.23512,196.562,1.09612,-9.17923,197.793,1.03373,-9.25199
0.143727,0.503642,185.27,9.95923,-9.07663,185.71,9.96602,-9.3221
0.142749,1.9467,191.337,9.64794,-0.301038,189.391,9.61719,-0.361495
0.54317,1.63652,200.452,1.73178,-1.24384,201.84,2.02028,-0.427126
0.152616,1.20159,183.947,9.93895,-9.07069,185.136,9.85205,-9.22182
0.145696,0.805786,196.22,0.995774,-9.48073,195.554,1.1906,-9.0709
0.0596621,0.46736,34.7006,0.21477,-3.58193,34.2376,0.175284,-3.53258
0.17295,0.586647,195.472,1.03265,-9.14534,194.915,0.967067,-9.31678
0.46038,1.77877,200.14,1.90009,-0.741725,198.429,1.62742,-1.14565
0.304328,0.773978,183.07,9.69683,-9.30581,183.744,9.85195,-8.95865
0.155348,0.684336,194.171,0.99719,-9.12736,194.831,1.00267,-9.30683
0.146448,0.559121,182.926,9.90966,-9.25601,182.377,9.89694,-9.15071
0.152457,0.642844,193.505,0.974186,-9.23098,194.143,0.999151,-9.30566
0.288704,0.879621,181.508,9.68687,-9.4388,182.207,9.81203,-8.919
0.147272,0.980276,192.297,1.03722,-9.30176,193.275,0.998285,-9.24579
0.0993426,1.92641,34.442,0.0920676,-3.51152,36.3484,0.207496,-3.7636
0.484368,1.76334,196.351,1.85816,-0.859229,197.986,1.48181,-1.40067
0.182475,2.72805,188.7,9.67635,-0.410935,185.974,9.63407,-0.509008
0.113278,0.804259,181.085,10.0037,-9.01239,180.315,9.92379,-9.22768
0.402042,0.709739,191.701,1.51416,-9.08744,192.05,1.31994,-9.67465
0.143626,0.826916,196.264,1.47661,-0.889058,195.442,1.53539,-0.81893
0.146424,0.746651,191.464,0.974385,-9.26124,190.722,0.926092,-9.3277
0.242312,0.904116,179.422,9.65354,-9.29258,180.189,9.85511,-8.85896
0.139682,0.652627,190.755,1.07713,-9.53033,190.197,1.07771,-9.19291
0.105493,0.749996,179.328,9.89095,-9.35169,178.583,9.95902,-9.29934
0.195435,0.910161,190.085,0.948846,-9.26204,189.208,0.872816,-9.49605
0.336268,1.64581,193.854,1.12619,-0.96697,195.371,1.37357,-0.379027
0.178542,0.692209,177.857,9.92126,-9.34168,178.49,10.0469,-9.0908
0.14109,0.796722,177.867,10.093,-9.10297,177.21,9.87675,-9.49963
0.339629,0.803056,188.601,1.43396,-9.06569,188.628,1.06183,-9.7768
0.151198,1.31773,192.706,1.37951,-0.867031,191.388,1.35862,-0.901677
0.129472,0.856364,176.384,9.81685,-9.38715,177.151,9.94661,-9.02772
0.154549,0.626533,188.177,0.878093,-9.40896,187.563,0.919282,-9.29103
0.513212,1.11135,187.396,1.47985,-9.28835,186.358,1.3794,-9.67274
0.179497,0.890537,175.471,10.0519,-8.96778,176.24,9.86578,-9.37766
0.274406,2.81017,182.243,9.31401,-0.363697,179.438,9.40752,-0.225532
0.164416,1.03117,186.452,1.01962,-9.39945,185.421,1.04538,-9.4006
0.365386,0.854992,175.099,9.60783,-9.16592,174.257,9.6351,-9.02365
0.182983,0.653015,185.212,1.10722,-9.50561,184.572,1.11087,-9.37691
0.196709,1.07796,188.775,1.54728,-0.934878,189.838,1.45973,-1.08989
0.215932,0.687688,174.252,9.67683,-9.45358,173.664,9.82743,-9.13079
0.142401,2.89345,176.7,9.5378,-0.41631,179.592,9.48352,-0.484061
0.185138,0.832619,184.548,1.08717,-9.39982,183.736,1.02489,-9.57053
0.23595,1.02775,173.446,10.0059,-9.05243,172.508,9.88176,-9.45175
0.219175,0.84765,183.45,0.939,-9.22953,182.63,0.818899,-9.40742
0.125365,0.837179,188.028,1.36024,-0.955136,187.196,1.30297,-1.02744
0.140899,3.10092,184.931,1.36787,-1.17069,188.015,1.38996,-0.846148
0.176463,1.0346,171.003,9.88957,-9.28939,172.032,9.85236,-9.38381
0.14597,0.78198,181.527,0.934101,-9.41426,182.296,0.872978,-9.54343
0.244911,0.77585,170.191,9.79949,-9.04382,170.887,9.74271,-9.38296
0.160383,0.747267,181.362,0.863085,-9.40282,180.625,0.800849,-9.50279
0.126011,1.8717,183.812,1.29507,-1.25304,185.617,1.39365,-0.767673
0.41051,0.648146,169.916,9.56262,-9.00315,169.455,9.44646,-9.44345
0.195673,0.758661,179.543,1.04903,-9.20112,180.159,0.838819,-9.59148
0.191088,0.941642,169.353,9.80555,-9.35054,168.422,9.86285,-9.21887
0.106991,0.520441,39.2749,0.274051,-3.98019,38.7743,0.176916,-4.0842
0.26383,2.73904,172.468,9.59737,-0.70565,175.202,9.67533,-0.542621
0.105504,0.478612,39.7406,0.217195,-4.02776,39.2634,0.180597,-4.02827
0.180832,0.916772,178.677,0.939152,-9.55438,179.593,0.953932,-9.51707
0.443726,2.60679,180.871,1.16418,-0.733832,183.454,0.985077,-1.03932
0.0943863,0.591523,39.8792,0.20853,-4.09196,40.4592,0.325018,-4.08794
0.567752,1.03486,167.484,9.39565,-8.93241,168.484,9.3808,-9.20065
0.178203,1.07632,177.345,0.946909,-9.48277,178.41,0.879274,-9.62519
0.101196,0.666282,41.2642,0.205455,-4.15057,40.5993,0.166175,-4.13174
0.154789,0.923183,166.187,9.89444,-9.32021,167.104,9.85374,-9.41026
0.108642,0.495577,41.7639,0.245721,-4.18332,41.2709,0.213964,-4.14383
0.216222,0.678711,176.436,1.03755,-9.42282,177.097,0.987907,-9.5681
0.16999,1.85409,178.896,1.30489,-0.996212,180.75,1.32255,-1.01463
0.122449,0.635563,165.598,9.9434,-9.20835,166.164,9.80161,-9.4591
0.111831,0.667106,41.9409,0.219807,-4.21956,42.6018,0.19427,-4.30668
0.176092,0.668027,176.413,0.856602,-9.46539,175.75,0.817039,-9.53825
0.150799,0.621313,165.004,9.74896,-9.39768,165.607,9.82864,-9.27085
0.105244,1.14427,174.66,0.829882,-9.70719,175.788,0.868415,-9.52407
0.113966,0.796222,39.0378,0.624962,3.45613,39.8315,0.688259,3.46138
0.167756,0.866457,163.873,9.85475,-9.23316,164.731,9.81321,-9.34746
0.101009,0.485498,43.0904,0.322388,-4.34819,42.6177,0.21582,-4.37823
0.142942,0.551663,174.178,1.0059,-9.51288,173.663,0.94647,-9.69992
0.143078,0.533805,163.772,9.88231,-9.37546,163.238,9.87946,-9.36071
0.158698,0.72044,172.935,0.922926,-9.49208,173.643,0.883334,-9.62121
0.128634,1.25636,177.041,1.32437,-1.0939,178.292,1.27909,-1.19572
0.184675,0.78404,41.6538,9.25689,-3.96205,42.3353,9.07966,-4.30682
0.299438,1.37453,171.458,0.786904,-9.40227,172.823,0.708327,-9.54917
0.263581,1.58313,41.7342,0.38496,3.28401,40.1991,0.587895,3.61359
0.0953825,0.869448,43.9992,0.219883,-4.48141,43.1435,0.306009,-4.35371
0.288385,1.36728,175.59,1.0736,-1.07397,176.949,1.12868,-0.936497
0.179499,0.859007,161.413,9.84503,-9.27427,162.267,9.80257,-9.35314
0.815823,2.3061,172.336,0.244692,-9.16768,170.04,0.0995793,-9.32061
0.166149,0.560672,44.3899,0.350524,-4.28388,44.8106,0.123886,-4.57717
0.20552,0.762603,160.599,9.9726,-9.37507,159.837,9.93566,-9.383
0.23054,0.824638,43.4628,9.19804,-4.10021,42.6532,9.06015,-4.1757
0.156723,0.948837,174.849,1.22444,-1.23465,173.975,1.37119,-0.895731
0.247152,1.50141,172.548,1.54411,-1.09846,174.027,1.43855,-1.33548
0.116403,1.40323,41.5871,0.581676,3.32121,42.9726,0.482674,3.12191
0.16924,0.569156,45.5265,0.282214,-4.69488,45.0028,0.409139,-4.51157
0.163482,0.6309,159.113,9.75042,-9.34411,159.744,9.74201,-9.3472
0.0886091,0.69727,45.5922,0.28804,-4.57526,46.2783,0.208035,-4.6701
0.124699,0.575978,43.8574,9.28767,-4.18652,44.3706,9.13376,-4.398
0.191233,0.799968,158.202,9.7971,-9.10132,158.964,9.70327,-9.32682
0.1754,2.46377,162.479,9.36989,-0.56851,164.941,9.40898,-0.497228
0.105576,0.673923,45.1889,9.23188,-4.41005,44.5183,9.23262,-4.34375
0.129584,1.00931,168.145,0.873361,-9.28248,168.992,0.821966,-9.83008
0.179128,1.8627,42.992,0.852994,3.37979,44.8075,0.69384,2.99462
0.161502,1.2492,166.585,0.899103,-9.55296,167.824,0.881851,-9.70745
0.236869,1.02448,157.078,9.92677,-9.17421,156.156,9.75542,-9.58576
0.105746,0.859873,47.4046,0.22546,-4.77589,46.5487,0.230262,-4.69303
0.307788,0.784424,165.941,0.56547,-9.7244,166.489,0.742664,-9.19128
0.212508,0.732806,156.146,9.80778,-9.51696,155.481,9.93502,-9.23649
0.353108,0.880883,165.399,1.00745,-10.1451,164.81,1.20953,-9.52169
0.241599,0.615145,46.1254,9.33143,-4.73029,46.6847,9.522,-4.55894
0.146738,1.6259,168.798,1.21465,-1.38462,170.384,1.34268,-1.05283
0.137083,0.88985,155.467,9.73941,-9.34878,154.58,9.77775,-9.28635
0.272087,0.828752,164.674,0.643727,-9.65219,163.883,0.682751,-9.41069
0.0729447,1.1722,46.094,0.580565,2.91667,44.9351,0.633556,3.08428
0.120931,0.578836,48.2945,0.303883,-4.76448,48.8696,0.292057,-4.82903
0.144078,0.701413,47.4722,9.34577,-4.59362,46.7722,9.30227,-4.58407
0.152627,0.677794,168.371,1.33236,-1.09592,167.727,1.25718,-1.29126
0.168096,0.524615,153.936,9.75542,-9.24819,154.455,9.74386,-9.32613
0.194413,1.14916,159.704,9.27157,-0.510768,158.557,9.29569,-0.441342
0.789695,1.03428,163.742,1.43919,-10.1987,163.18,1.66238,-9.35947
0.148464,0.992317,48.397,9.38304,-4.69248,47.4062,9.33129,-4.67623
0.0917448,2.56371,46.6212,0.596265,2.91904,49.1819,0.627688,2.79771
0.473232,1.81292,152.488,9.9835,-9.75277,154.267,10.183,-9.46563
0.115235,0.530611,49.7089,0.356432,-4.83019,50.1841,0.196937,-5.00415
0.088171,0.673155,48.3759,9.28187,-4.6722,49.0464,9.26825,-4.73021
0.29778,1.0918,166.607,1.00262,-1.26234,167.645,1.1061,-0.940858
0.130936,0.705743,50.7837,0.203478,-5.2382,50.2094,0.420667,-4.89026
0.270186,0.957108,162.792,0.641253,-9.72165,161.899,0.727559,-9.38778
0.354795,0.701265,152.666,9.53703,-9.09547,151.973,9.59203,-9.00853
0.211851,0.878252,161.94,0.77462,-9.64881,161.064,0.751771,-9.59924
0.145192,0.79414,166.254,1.23632,-1.18965,165.461,1.22474,-1.15056
0.194312,3.12013,163.333,1.17607,-0.948993,166.435,1.07529,-1.26817
0.180331,0.636786,51.2623,0.286563,-5.29985,51.7862,0.487062,-4.99855
0.230506,1.10045,151.932,9.53521,-9.34848,150.844,9.64315,-9.22887
0.144853,0.62316,49.7258,9.39385,-4.69381,50.3008,9.21252,-4.85116
0.150401,1.22315,155.008,9.5241,-0.444944,156.212,9.42757,-0.634531
0.163226,0.808737,51.1014,9.11376,-4.96019,50.3461,9.31015,-4.748
0.187677,0.977507,160.084,0.743398,-9.48511,161.027,0.647154,-9.72602
0.114828,0.883125,51.7796,0.2844,-5.07679,52.6512,0.236886,-5.21107
0.254642,0.731373,159.679,0.957538,-9.1929,159.728,0.676114,-9.86622
0.142092,0.59123,149.931,9.89279,-9.15988,150.458,9.7949,-9.40855
0.0929198,0.797745,52.7479,0.265727,-5.20895,53.5452,0.281058,-5.22958
0.163679,0.753128,148.848,9.71889,-9.33396,149.529,9.81571,-9.02662
0.170274,0.687257,158.525,0.783464,-9.51803,159.169,0.68285,-9.73566
0.13435,0.760606,158.219,0.794892,-9.54395,157.46,0.802448,-9.59254
0.173041,0.6495,52.1896,9.21198,-4.95112,51.5447,9.22385,-4.87468
0.170624,0.878572,147.898,9.73779,-9.31161,148.769,9.77006,-9.20315
0.115657,1.18936,49.9588,0.728495,2.74112,51.1384,0.687935,2.59445
0.11105,0.946654,53.7143,0.346572,-5.20948,54.6438,0.301667,-5.38309
0.369491,0.751599,161.284,1.58308,-1.27656,160.534,1.58435,-1.32217
0.185366,0.815699,147.475,9.66151,-9.32729,146.804,9.81274,-8.88856
0.127517,0.655469,52.8844,9.41482,-5.00891,52.2949,9.21277,-5.21205
0.159958,1.28592,152.45,9.38789,-0.494828,151.165,9.36744,-0.552875
0.305274,0.700457,156.33,0.726084,-9.27905,155.723,0.558711,-9.58605
0.154793,1.63575,158.689,1.26921,-1.20819,160.323,1.33514,-1.16277
0.120539,0.656429,53.5987,9.24809,-5.16309,52.9659,9.32129,-5.00454
0.232596,0.934444,146.584,9.95677,-9.10024,145.742,9.83338,-9.48517
0.138652,1.60862,51.3833,0.745377,2.58287,52.9863,0.72658,2.45041
0.106319,0.529942,55.2546,0.302344,-5.33701,54.7254,0.27434,-5.33892
0.229729,0.71858,154.852,0.986394,-9.52737,155.567,0.968325,-9.60038
0.169894,0.665711,145.035,9.7665,-9.3249,145.587,9.92251,-8.98775
0.334226,0.945753,154.098,0.586811,-9.43041,155.027,0.555869,-9.60361
0.109613,0.721687,53.7675,9.23441,-5.11076,54.4878,9.27806,-5.11976
0.147797,0.661234,55.9467,0.412574,-5.40673,55.2888,0.369736,-5.45761
0.170721,0.693528,143.888,9.91098,-9.03852,144.511,9.77782,-9.31344
0.236405,2.59945,148.244,9.49014,-0.739447,150.836,9.59299,-0.567058
0.127114,1.00032,153.714,0.740316,-9.66639,152.767,0.857176,-9.36715
0.151925,0.772753,54.5791,9.35002,-5.1796,55.3334,9.25946,-5.32077
0.13915,1.83533,144.542,9.77566,-9.32698,142.709,9.82795,-9.24224
0.133077,0.734186,56.2637,0.398391,-5.38406,56.9683,0.353332,-5.58555
0.199916,0.951726,156.107,1.31941,-1.25961,157.057,1.34586,-1.21832
0.100711,1.28469,54.7313,0.667549,2.40484,53.4508,0.683687,2.50696
0.175262,1.02379,151.601,0.732628,-9.6535,152.603,0.827675,-9.46551
0.123627,0.467424,55.8298,9.34692,-5.32814,55.3766,9.4172,-5.23769
0.120832,0.531034,57.6055,0.203511,-5.69495,57.1247,0.211013,-5.46956
0.25553,0.715926,142.901,9.64966,-9.05187,142.214,9.56683,-9.23567
0.202326,3.45662,147.554,9.46874,-0.533592,144.1,9.38315,-0.619661
0.172036,0.631334,56.4673,9.36646,-5.34373,55.8434,9.31358,-5.42495
0.19796,0.883913,141.264,9.81341,-9.17539,142.147,9.81295,-9.21679
0.163867,0.730346,150.811,0.797478,-9.35125,150.109,0.703849,-9.52933
0.16892,1.07,154.48,1.11739,-1.20574,153.425,1.19339,-1.0442
0.17573,0.942152,58.8368,0.45052,-5.67205,57.8966,0.42035,-5.62056
0.113219,0.462481,56.5952,9.23145,-5.32309,57.0558,9.24366,-5.36274
0.167491,0.728512,140.106,9.58597,-9.12795,140.833,9.63408,-9.10102
0.104113,1.76004,55.2282,8.89071,2.75295,53.4767,8.93964,2.91946
0.0994398,0.59195,57.7465,9.26891,-5.48406,57.1697,9.29094,-5.35307
0.450843,0.834327,149.528,0.440185,-9.25552,148.765,0.384564,-9.58827
0.116638,0.996835,58.8552,0.32738,-5.70658,59.8486,0.356659,-5.62926
0.956202,1.70519,151.508,0.454543,-0.497438,153.081,0.268656,-1.12798
0.213065,0.723554,140.162,9.81946,-9.05961,139.467,9.7581,-9.25059
0.117899,0.68844,57.7737,9.28318,-5.41273,58.4608,9.31819,-5.43943
0.179374,1.00365,59.946,0.156546,-5.71751,60.9429,0.253533,-5.65295
0.14004,0.925976,148.655,0.733494,-9.5921,147.743,0.767229,-9.43401
0.181128,0.789807,139.303,9.66731,-9.00082,138.56,9.57682,-9.25334
0.174668,0.680719,147.042,0.835176,-9.42047,147.685,0.818517,-9.64535
0.159112,0.769195,151.559,1.05197,-1.23747,150.81,1.10267,-1.07368
0.209682,0.666,59.5024,9.29371,-5.70723,58.8955,9.45081,-5.48235
0.0989738,0.941079,60.8225,0.309712,-5.83361,61.7585,0.397738,-5.7917
0.148058,0.633533,137.692,9.77894,-9.07413,138.317,9.77205,-9.1756
0.243043,1.11749,146.986,0.621177,-9.67556,146.037,0.759002,-9.10072
0.163973,0.606364,60.1191,9.25019,-5.69547,59.559,9.36135,-5.49145
0.272196,0.85555,149.79,1.16132,-0.819247,150.322,0.950994,-1.45544
0.203462,0.710043,136.995,9.50459,-9.13356,137.703,9.54173,-9.09618
0.150101,0.707988,145.404,0.737593,-9.50093,146.111,0.741734,-9.46148
0.1853,0.873897,136.829,9.73805,-8.75381,136.205,9.59763,-9.34914
0.320845,0.851037,149.46,0.904823,-1.30045,148.832,1.10449,-0.761842
0.118327,0.774144,61.1674,9.26681,-5.72833,60.4126,9.35486,-5.58052
0.0700163,1.03751,60.0564,0.664501,1.98985,59.0287,0.709983,2.12446
0.117043,1.49402,141.575,9.27064,-0.440003,140.081,9.266,-0.432862
0.190834,0.865647,143.994,0.75557,-9.25661,144.796,0.646912,-9.5642
0.182348,0.81061,136.157,9.6428,-9.1433,135.368,9.68143,-8.96019
0.131222,0.749237,135.504,9.71677,-9.12884,134.764,9.75667,-9.02258
0.307953,3.40273,141.631,9.33231,-0.83444,138.381,9.46674,0.166185
0.118443,0.56479,143.986,0.716884,-9.48905,143.428,0.753168,-9.4047
0.140698,0.636003,62.5102,9.45901,-5.66404,61.9038,9.29733,-5.76711
0.172258,2.01344,146.017,1.1441,-1.15852,148.028,1.21743,-1.08794
0.104645,0.537142,64.5348,0.296894,-6.07903,64.0063,0.33558,-5.99123
0.120013,1.24684,63.3003,9.38451,-5.72481,62.058,9.282,-5.69817
0.228094,0.634626,133.871,9.82785,-9.2251,134.441,9.88988,-8.95352
0.105648,2.75936,63.4531,0.706732,1.86609,60.7021,0.749068,2.07678
0.265218,2.23086,58.3344,9.02998,2.35577,60.5591,9.15202,2.46778
0.172165,0.650952,142.445,0.841806,-9.3492,143.083,0.802669,-9.47479
0.11102,0.660613,64.6009,0.27787,-6.14029,65.2486,0.39433,-6.08216
0.147584,0.54997,63.1437,9.27544,-5.89615,63.6755,9.34393,-5.77389
0.159029,0.596104,133.681,9.79742,-8.76921,133.283,9.64904,-9.18773
0.137788,1.7163,141.381,0.679226,-9.42369,143.097,0.689188,-9.45917
0.391925,0.683715,132.868,10.0134,-9.18785,132.231,10.0683,-8.94527
0.205118,0.642635,140.38,0.56009,-9.44271,140.962,0.665182,-9.19269
0.177327,1.39376,143.973,1.07689,-0.995441,145.345,0.968789,-1.22
0.125507,0.60966,65.6783,0.339611,-6.17312,66.2835,0.313531,-6.24185
0.152773,1.37209,131.356,9.56339,-8.99442,132.727,9.58019,-9.04378
0.172796,0.627279,64.1115,9.4083,-5.98803,64.7336,9.44306,-5.91525
0.128323,1.76465,63.9009,8.88908,2.25136,62.138,8.84388,2.31367
0.227498,2.60169,137.407,9.47394,-0.376558,134.811,9.43562,-0.536538
0.114636,0.75047,67.4079,0.286018,-6.27521,66.6646,0.326628,-6.17998
0.140588,0.671611,139.646,0.708665,-9.43543,140.317,0.684888,-9.44052
0.206377,1.09972,142.466,1.11158,-0.805369,143.535,1.01975,-1.04534
0.127697,0.681711,130.464,9.68246,-8.98275,131.143,9.66964,-8.93315
0.162644,1.03165,138.371,0.838196,-9.1585,139.335,0.707888,-9.50301
0.176154,0.65571,65.4508,9.36514,-5.95001,66.0467,9.26994,-6.20669
0.576154,0.582406,67.6319,0.0637221,-5.73611,68.0105,-0.206738,-6.08642
0.188732,0.611965,65.9383,9.36486,-6.04777,66.5464,9.41411,-6.09589
0.123006,0.70999,129.765,9.69857,-8.85859,129.087,9.63745,-9.0583
0.176665,0.677611,137.242,0.683447,-9.28846,137.895,0.622639,-9.45988
0.1731,0.684329,67.2461,9.49713,-6.25621,66.5661,9.42999,-6.21892
0.122901,0.919715,128.784,9.76172,-8.98419,127.874,9.75995,-8.852
0.123261,0.871729,137.261,0.696238,-9.40186,136.399,0.740764,-9.27877
0.202099,0.741016,67.9148,9.31614,-6.02533,67.1929,9.19836,-6.14391
0.137372,1.05931,127.081,9.63083,-8.8684,128.133,9.63882,-8.99606
0.423172,1.06753,66.2596,1.05738,1.24307,67.1988,1.16543,1.73889
0.169053,1.48432,131.408,9.24895,-0.297297,132.892,9.28565,-0.275694
0.217755,0.651599,68.5269,9.15616,-6.2885,68.0734,9.36423,-5.86947
0.175005,0.718169,136.227,0.660049,-9.34729,135.533,0.710029,-9.16792
0.124808,0.926585,69.3897,0.315618,-6.39828,70.3154,0.321834,-6.43799
0.25754,2.58037,133.533,0.69938,-9.39831,136.092,0.754495,-9.07114
0.277802,0.613103,126.341,9.89789,-8.84326,126.894,9.7988,-9.08816
0.174835,0.555725,68.5581,9.26415,-6.35586,69.085,9.35488,-6.20449
0.160855,1.53343,68.7033,0.700977,1.43447,67.1939,0.750138,1.70064
0.147366,0.791689,71.4531,0.373928,-6.55093,70.6684,0.3882,-6.44763
0.250772,0.786742,134.818,0.724821,-9.10951,134.167,0.731205,-9.55038
0.273001,1.02355,138.615,1.18511,-1.32433,137.69,1.33104,-0.909197
0.123529,0.726877,126.089,9.74502,-8.75027,125.39,9.63573,-8.91714
0.249854,0.718602,133.324,0.521856,-9.584,133.771,0.611614,-9.02819
0.190387,0.609683,69.4021,9.38875,-6.48411,69.6491,9.54501,-5.94907
0.126177,0.691765,71.5502,0.316198,-6.52905,72.2384,0.321981,-6.59849
0.289851,0.689009,137.592,0.818253,-0.988699,136.955,0.902004,-0.738857
0.166196,0.674773,70.58,9.40456,-6.432,69.9516,9.47834,-6.19771
0.185253,0.82213,125.465,9.67357,-8.93664,124.691,9.77355,-8.67955
0.146366,0.782545,132.254,0.653582,-9.30244,133.032,0.704376,-9.24043
0.144018,0.810939,73.0043,0.440488,-6.60376,72.1942,0.427218,-6.56906
0.0959683,0.685665,70.5621,9.40227,-6.44017,71.2419,9.41656,-6.35192
0.278848,1.70069,136.661,1.31113,-0.997015,134.965,1.25013,-1.11028
0.379286,0.557624,123.809,9.94135,-9.06705,123.44,10.0691,-8.66901
0.149353,0.901052,70.3725,0.862549,1.39826,69.4749,0.872143,1.47585
0.299131,4.59586,130.091,9.41814,-0.267668,125.506,9.23518,-0.531935
0.116084,0.720063,71.9899,9.3342,-6.53103,71.3011,9.40974,-6.33525
0.13058,0.655674,73.22,0.385301,-6.72857,73.8693,0.393242,-6.63728
0.134292,0.694812,131.342,0.657154,-9.14889,132.009,0.557246,-9.31426
0.146138,0.90958,122.478,9.66537,-8.6767,123.358,9.60923,-8.9026
0.158992,0.738487,130.512,0.585765,-9.2843,131.245,0.635328,-9.2168
0.123215,0.891851,70.7048,0.705152,1.40473,71.5962,0.729832,1.39584
0.109664,0.612512,72.665,9.38286,-6.4636,72.0536,9.37704,-6.42624
0.1049,0.763468,74.0714,0.383068,-6.70913,74.8274,0.341582,-6.80745
0.159673,2.29087,132.65,1.07454,-0.923223,134.939,1.03955,-0.994744
0.214516,0.70799,121.712,9.71032,-8.89527,122.388,9.80712,-8.70815
0.151195,0.814696,73.4571,9.2982,-6.51863,72.6445,9.30264,-6.46031
0.179574,0.800594,120.934,9.653,-8.7254,121.729,9.70682,-8.65046
0.121307,0.53831,129.517,0.642559,-9.13305,130.05,0.620023,-9.20608
0.145755,0.821798,74.9726,0.314366,-6.69554,75.7521,0.235198,-6.94346
0.180924,0.887779,120.13,9.55015,-9.00007,120.896,9.68416,-8.57199
0.271295,0.624886,128.521,0.376482,-9.23627,129.054,0.526653,-8.94634
0.123588,0.905285,73.5341,9.30263,-6.53439,74.4349,9.37702,-6.48306
0.117742,2.46236,69.9331,8.93889,1.83689,72.3931,9.04407,1.85419
0.1587,0.901581,128.263,0.730453,-9.16696,127.362,0.748545,-9.16522
0.168946,0.769145,119.146,9.58162,-8.7284,119.912,9.60047,-8.66291
0.13043,0.780197,76.5853,0.46132,-6.75584,75.8244,0.340595,-6.87902
0.156444,1.45409,132.185,1.01384,-0.882887,130.731,1.00629,-0.853287
0.172688,0.649248,118.478,9.69941,-8.53386,118.966,9.52569,-8.92539
0.120668,0.792894,117.603,9.62378,-8.68518,118.386,9.6805,-8.57494
0.186489,0.719095,125.698,0.65717,-8.94986,126.331,0.623071,-9.28856
0.102388,0.665448,75.1039,9.34147,-6.63805,74.4394,9.3109,-6.65553
0.200978,1.52022,130.259,1.2077,-0.857251,128.741,1.16082,-0.923128
0.130056,0.695867,77.3122,0.42892,-6.91814,76.6174,0.449028,-6.88418
0.225265,0.981156,124.588,0.740539,-9.25696,125.526,0.796151,-8.97547
0.176587,0.70318,116.496,9.55221,-8.68678,117.181,9.62112,-8.54193
0.149413,1.80379,72.304,9.04019,1.75617,74.0986,8.99814,1.57877
0.447571,1.29133,127.247,0.624637,-0.817825,128.355,0.985182,-0.261102
0.176565,2.31133,73.1378,0.67266,1.0835,75.406,1.03469,1.34151
0.12849,0.803285,78.0575,0.377309,-6.98565,77.2575,0.40801,-6.92011
0.20592,0.811846,123.497,0.706168,-8.85416,124.235,0.596708,-9.17434
0.157192,0.675234,116.29,9.51768,-8.62452,115.632,9.5658,-8.48404
0.123218,0.971194,75.5835,9.32853,-6.69853,76.5388,9.4643,-6.58838
0.117961,0.98689,79.0852,0.321034,-7.03309,78.1041,0.363509,-6.93552
0.358888,1.09624,122.423,0.446613,-8.61423,123.399,0.325865,-9.09989
0.133558,2.25472,75.7203,0.846544,1.18266,77.9628,0.816353,0.950311
0.249934,2.09998,125.378,1.19044,-0.76599,127.433,0.969036,-1.13669
0.105455,0.633798,77.0775,9.33377,-6.72531,77.7087,9.38992,-6.71798
0.0916949,0.846535,79.3884,0.430762,-7.00306,80.2294,0.404257,-7.09655
0.210089,2.5,116.853,9.27295,-0.0599281,119.347,9.33986,0.096322
0.236861,0.716335,120.769,0.572311,-9.09978,121.424,0.614469,-8.81151
0.166119,1.57594,125.095,1.22413,-0.534421,123.557,1.01276,-0.804185
0.165014,0.613199,78.739,9.30239,-6.85984,78.1569,9.341,-6.67094
0.245709,0.636451,112.57,9.53592,-8.70421,112.937,9.73286,-8.22297
0.171957,0.87536,120.61,0.754627,-8.78811,119.758,0.691901,-8.97802
0.238087,0.698204,78.6701,9.52795,-6.95634,79.3376,9.58958,-6.7611
0.218948,0.901721,112.423,9.66093,-8.51187,111.522,9.67745,-8.52228
0.176461,0.628108,119.129,0.573308,-8.88595,119.735,0.520254,-9.0435
0.189009,0.711897,110.858,9.6749,-8.24422,111.471,9.49628,-8.55793
0.131622,1.27049,115.166,9.2386,0.112204,116.421,9.17571,-0.0699257
0.109579,1.85915,80.2174,0.795537,0.841375,78.3619,0.815692,0.956777
0.198581,1.29525,121.216,1.0927,-0.634574,122.462,0.95102,-0.958068
0.111553,0.598275,81.9033,0.32661,-7.22319,81.3162,0.359745,-7.11308
0.155055,0.69806,110.077,9.4959,-8.43871,110.697,9.66962,-8.16846
0.580164,2.46145,76.1039,8.81814,2.12375,78.3716,8.31616,1.30867
0.135279,0.981304,118.539,0.614912,-8.82392,117.567,0.604345,-8.96291
0.14819,0.709668,109.059,9.47725,-8.26712,109.746,9.42038,-8.43381
0.126176,0.496186,117.254,0.581821,-8.90536,116.766,0.604009,-8.81832
0.138778,0.791053,82.6845,0.378653,-7.20309,81.8938,0.355654,-7.19854
0.222453,1.1927,81.1764,9.37156,-6.84339,79.9983,9.28599,-7.00842
0.114201,1.0337,120.455,1.0106,-0.605987,119.422,1.00467,-0.635105
0.140867,0.758803,109.045,9.56995,-8.2616,108.288,9.55603,-8.31774
0.265596,0.80547,115.782,0.73754,-9.02466,116.509,0.889181,-8.71097
0.281874,2.31358,77.7413,9.01657,1.8038,80.0059,8.78255,1.39205
0.206768,0.653026,81.6271,9.44362,-6.76524,81.2381,9.29013,-7.26683
0.132929,0.606781,83.5597,0.432105,-7.24733,82.9536,0.403122,-7.24753
0.168157,0.96387,114.687,0.559806,-8.78005,115.651,0.569181,-8.78504
0.149497,0.780336,84.3699,0.454339,-7.35873,83.5973,0.482661,-7.25278
0.139174,1.26606,106.806,9.51255,-8.18049,108.067,9.48206,-8.28493
0.0863566,0.764343,81.6251,9.48882,-6.96246,82.3702,9.44387,-7.12688
0.212872,1.23445,111.733,9.21575,-0.0690188,110.615,9.40786,0.418403
0.202816,0.750537,113.921,0.582799,-8.75236,114.631,0.657968,-8.51998
0.160487,1.08099,85.5349,0.359535,-7.37751,84.4548,0.34062,-7.33805
0.142482,0.740128,117.545,0.929735,-0.738544,118.218,1.05016,-0.454448
0.311287,0.825073,106.494,9.71961,-7.78265,106.166,9.22241,-8.3537
0.240191,0.481442,113.677,0.481378,-8.44406,113.48,0.330299,-8.85661
0.274961,1.97206,108.724,9.28565,0.107097,110.694,9.36269,0.146171
0.137847,0.686391,112.352,0.618998,-8.55092,112.992,0.548293,-8.78915
0.234196,1.30768,115.783,1.18524,-0.568628,117.085,1.16106,-0.681432
0.165272,0.910399,83.9965,9.46816,-7.23149,83.1021,9.47996,-7.06182
0.101676,1.07409,81.9747,0.832681,0.870552,83.0423,0.783173,0.763483
0.159549,0.636195,104.82,9.62032,-8.09471,105.436,9.54839,-8.23686
0.130979,0.960195,111.534,0.493499,-8.61393,112.493,0.497634,-8.66707
0.217405,3.55836,88.3944,0.591705,-7.29584,84.8675,0.255355,-7.62674
0.162844,1.66582,115.432,0.99572,-0.386382,113.77,0.908316,-0.438564
0.141123,0.788092,103.479,9.46381,-8.15746,104.248,9.55299,-8.01283
0.136326,0.768513,84.0967,9.35829,-7.21424,84.8626,9.40041,-7.16637
0.120081,2.29441,108.087,9.10225,0.244949,105.802,9.13583,0.444128
0.156539,0.453735,111.294,0.538184,-8.62219,110.84,0.540123,-8.62737
0.0826765,2.15675,83.0425,9.02842,1.19152,80.8875,8.94503,1.21587
0.112159,0.895673,87.2234,0.50816,-7.49543,86.328,0.492379,-7.48041
0.138761,0.912956,103.334,9.58221,-7.85457,102.52,9.38379,-8.21746
0.309797,0.863305,110.011,0.755718,-8.87443,110.68,0.853199,-8.33733
0.100359,1.32973,83.2851,0.807623,0.71337,84.6123,0.89073,0.719905
0.14029,0.593666,109.602,0.584398,-8.57003,109.009,0.578488,-8.53667
0.266886,0.92817,112.113,0.721952,-0.52755,112.948,0.879319,-0.153554
0.14622,0.784219,102.447,9.48503,-8.05747,101.667,9.51202,-7.97393
0.222216,1.06356,88.4518,0.591269,-7.56889,87.4036,0.484647,-7.71405
0.237683,1.29864,100.161,9.68853,-7.94793,101.441,9.57645,-8.13088
0.162843,0.804316,108.126,0.546674,-8.55831,108.893,0.665409,-8.349
0.164587,0.807988,86.2422,9.48907,-7.11523,86.9804,9.37576,-7.42347
0.723141,3.31643,105.412,9.78888,0.0777314,102.099,9.68935,-0.0514025
0.14575,0.984301,89.6345,0.540411,-7.4899,88.7263,0.332924,-7.80752
0.150549,0.87048,108.126,0.511829,-8.5148,107.257,0.528333,-8.46801
0.164135,1.10491,84.7318,8.97229,1.16396,83.6279,8.92489,1.15424
0.118752,2.55537,109.954,1.0057,-0.20352,112.499,0.924749,-0.421846
0.148913,0.836406,87.0279,9.45956,-7.32873,87.8639,9.4777,-7.34582
0.139283,1.31971,87.7366,0.876325,0.502632,86.4209,0.900354,0.602938
0.145442,0.657766,100.088,9.48021,-8.01202,99.507,9.65263,-7.75576
0.421128,0.682366,107.242,0.834055,-8.77427,106.681,0.961277,-8.40613
0.274559,0.880082,99.297,9.56725,-8.20691,98.4861,9.75853,-7.9234
0.194008,2.18848,109.472,1.01938,-0.427293,107.284,1.02872,-0.383656
0.133611,0.801543,89.0438,9.41386,-7.4312,88.2494,9.44436,-7.32914
0.279754,0.835855,98.4165,9.85174,-7.78594,97.6529,9.67446,-8.07604
0.140618,0.573598,91.0895,0.501549,-7.6877,90.5416,0.391922,-7.81738
0.166843,0.874638,105.726,0.579361,-8.30225,104.859,0.533457,-8.40411
0.236794,0.924872,104.936,0.388247,-8.20659,104.021,0.347694,-8.33551
0.482703,0.620605,97.1252,10.0057,-7.71542,97.3306,9.84923,-8.27973
0.221624,1.03328,88.9723,1.07273,0.575596,87.9762,0.893178,0.367447
0.188495,0.645291,91.413,0.405784,-7.64307,92.0452,0.392986,-7.77206
0.141097,0.879282,96.1009,9.47117,-7.72873,96.9779,9.50321,-7.78408
0.560557,5.51319,88.878,10.0959,-7.24232,94.2614,9.60298,-8.32461
0.222187,0.726637,102.523,0.679304,-8.17861,103.199,0.590675,-8.43075
0.15173,1.37882,106.858,0.926255,-0.285709,105.485,0.988897,-0.169343
0.323199,1.78675,91.4766,0.511946,-7.4715,93.03,0.176304,-8.28797
0.189625,1.52808,89.2189,0.846711,0.520633,90.7298,0.768532,0.305556
0.116936,2.71539,100.993,9.05746,0.476925,98.3046,9.22212,0.821371
0.1253,1.0489,87.2681,9.11826,1.12415,88.2989,9.03537,0.9485
0.208823,0.749254,90.4665,9.38279,-7.67026,91.1395,9.53632,-7.37898
0.122537,0.80829,102.639,0.514362,-8.24048,101.833,0.535404,-8.1841
0.160356,0.870813,95.63,9.55249,-7.69629,94.7636,9.49832,-7.76526
0.234826,0.695372,91.5962,9.57861,-7.24123,91.287,9.30037,-7.79845
0.196781,0.927838,94.8367,9.53675,-7.78656,93.9129,9.59573,-7.724
0.120781,0.651129,101.176,0.599098,-8.02757,101.639,0.460068,-8.46431
0.122419,1.1595,94.0789,0.471337,-7.8373,92.9235,0.511996,-7.74887
0.742347,2.22892,103.355,1.22626,-0.831271,105.536,1.59549,-0.559276
0.30451,0.911948,93.7284,9.6762,-7.89836,92.8893,9.81335,-7.56856
0.14471,0.963663,92.777,9.62445,-7.53777,91.8228,9.56573,-7.65871
0.192394,2.09763,98.0957,9.1246,0.887868,96.0253,8.89363,0.642731
0.160257,0.636522,100.814,0.471949,-8.21371,100.198,0.515119,-8.06275
0.368289,1.25794,99.5556,0.299279,-8.56244,100.604,0.631017,-7.95211
0.137987,0.8018,94.9709,0.456862,-7.94579,94.1699,0.469878,-7.91204
0.43681,1.52282,98.0426,0.758197,-8.48795,99.4932,0.980654,-8.08164
0.254798,0.782006,98.3304,0.652483,-7.71481,98.425,0.333429,-8.42247
0.25598,1.18948,91.4044,0.729326,0.512271,92.5934,0.738297,0.482519
0.127437,0.828571,95.7321,0.471461,-7.85111,94.9205,0.352221,-7.96789
0.271438,1.80465,98.152,0.773474,-7.95101,96.3613,0.620882,-8.11525
0.143729,0.749299,100.732,0.985323,0.00205762,101.458,0.871994,-0.142484
0.353802,0.838326,96.0955,0.462607,-8.45274,96.6405,0.843525,-7.94219
0.164368,2.14305,91.9439,8.94948,0.867187,94.0857,9.02253,0.872628
0.163547,0.932178,99.1252,0.848405,0.0180078,98.2084,0.934398,0.162465
0.160072,1.0705,97.1168,1.00241,0.257132,98.1534,0.850818,0.0370445
0.195296,1.83318,94.9762,0.849768,0.0362294,96.7804,1.09601,0.247509
0.595665,5.54126,91.5266,9.26362,0.229367,86.0953,9.6861,1.24337
0.187699,0.9291,93.7423,1.03106,0.341961,94.6115,0.827936,0.0841938
0.139621,0.586856,89.817,0.490224,-7.65557,90.3999,0.488969,-7.7236
0.139621,2.05781,89.0865,0.491795,-7.57031,91.1304,0.487398,-7.80885
0.139621,0.502093,89.8591,0.490133,-7.66048,90.3578,0.48906,-7.71868
0.510752,2.36673,103.383,0.258232,-7.90281,105.689,0.109831,-8.41344
0.169295,1.82696,75.1642,9.47247,-6.66093,76.9869,9.42012,-6.77443
0.169295,2.29556,74.9305,9.47918,-6.64638,77.2206,9.41341,-6.78898
0.140685,1.14229,80.2682,0.866984,0.99026,81.3902,0.760833,0.80419
0.232478,6.99156,75.1572,9.24908,1.56134,68.1729,9.19018,1.87526
0.13714,3.36962,110.569,9.4593,-8.41357,113.936,9.52304,-8.5174
0.13714,1.33646,111.585,9.47853,-8.44489,112.92,9.50381,-8.48608
0.226355,3.41218,69.4598,0.410482,-6.593,66.0912,0.523688,-6.06141
0.554091,2.8563,61.9833,9.89699,-5.00585,59.427,8.97626,-5.88667
0.189226,1.14168,114.404,9.68829,-8.4275,115.521,9.59884,-8.64594
0.189226,1.96948,113.999,9.72072,-8.34831,115.926,9.56642,-8.72513
0.159868,7.02645,111.592,9.25029,0.187366,118.615,9.26222,-0.0229304
0.159868,1.62455,114.292,9.25488,0.106529,115.916,9.25763,0.057907
0.094603,0.700867,62.9766,0.356569,-5.9649,63.6766,0.375617,-5.99558
0.094603,0.774935,62.9397,0.355563,-5.96328,63.7136,0.376623,-5.9972
0.094603,2.24977,62.2032,0.335522,-5.931,64.45,0.396664,-6.02948
0.0816756,5.25547,53.9158,8.91157,2.7862,59.1666,8.91298,2.56612
0.487898,1.94097,118.89,0.673675,-1.29555,117.493,1.18714,-0.0494959
0.487898,0.750132,118.462,0.831187,-0.913303,117.922,1.02963,-0.431738
0.236372,2.02742,56.7564,0.982457,2.43116,58.688,0.653946,1.9104
0.1286,2.19885,49.225,9.37414,-4.74704,51.408,9.27893,-4.99248
0.167683,1.14892,51.9238,8.79975,3.03785,53.0633,8.73963,2.90363
0.446237,6.72426,57.5194,1.18806,2.2866,50.8039,0.847753,2.32913
0.0796722,1.8496,119.975,9.18644,-0.223518,121.825,9.2005,-0.213616
0.0824462,3.44232,47.7874,8.98732,3.37021,51.2052,8.81034,3.00026
0.113177,2.23293,44.2388,9.36742,-4.16908,46.3985,9.11877,-4.67865
0.113177,1.8162,44.4403,9.34421,-4.21663,46.197,9.14198,-4.6311
0.307469,2.76848,125.902,0.675976,-9.74067,128.521,0.963218,-8.89193
0.148414,2.81435,122.249,9.2333,-0.1014,125.06,9.20699,-0.218237
0.834059,0.718134,49.1993,0.500956,-5.748,48.7575,0.94098,-5.3918
0.117618,1.91093,47.1737,0.382886,-4.56079,49.004,0.0388037,-4.98879
0.117618,1.0908,47.5665,0.309049,-4.65264,48.6112,0.11264,-4.89694
0.131903,2.1434,140.848,1.15894,-1.17854,138.711,1.19723,-1.02317
0.395765,2.37516,138.862,9.9952,-9.22573,141.223,10.0007,-9.48486
0.56457,1.56254,151.759,1.15263,-10.0885,150.286,1.29458,-9.58666
0.1291,4.35818,157.234,0.855934,-9.53337,152.882,0.682023,-9.68395
0.403014,4.3844,158.58,9.84046,-0.411961,154.223,9.60041,-0.844248
0.155675,0.56391,157.62,9.73638,-9.39832,158.166,9.79657,-9.27349
0.483407,5.91307,160.987,1.65004,-1.31101,155.079,1.49518,-1.4982
0.521844,3.00028,163.243,9.3528,-9.39437,160.272,9.47869,-8.99855
0.521844,1.34105,162.422,9.38761,-9.28492,161.094,9.44388,-9.108
0.771857,2.75761,87.5651,9.06637,-6.8783,84.9843,8.62455,-7.74381
0.146103,6.11092,167.61,9.44545,-0.473569,161.5,9.39729,-0.559359
0.146103,1.64075,165.375,9.42783,-0.504947,163.734,9.4149,-0.527981
0.146103,0.480389,164.795,9.42326,-0.513092,164.314,9.41947,-0.519836
0.157901,2.4958,170.277,9.7351,-9.44456,172.764,9.8274,-9.25149
0.164834,2.11649,169.982,9.47671,-0.455551,167.87,9.43614,-0.576172
0.197013,0.67496,172.014,1.24675,-1.34988,171.376,1.35404,-1.15616
0.12158,3.09567,176.902,0.907139,-9.59793,179.996,0.821643,-9.58229
0.415556,2.58297,101.716,1.09295,-0.432044,99.1469,1.21589,-0.196845
0.415556,2.73245,101.791,1.08939,-0.43885,99.0726,1.21944,-0.190039
0.415556,1.25855,101.058,1.12447,-0.371745,99.8056,1.18437,-0.257144
0.415556,0.676967,100.768,1.13831,-0.345266,100.095,1.17053,-0.283623
0.131629,2.43203,188.441,1.41227,-0.915909,190.87,1.36246,-1.03736
0.418729,2.19039,192.478,9.88347,-8.58795,190.452,9.64497,-9.38559
0.152731,2.30973,199.052,1.07296,-9.18953,196.748,0.954018,-9.30781
0.146218,2.37416,200.827,10.005,-8.88583,198.453,9.98952,-8.8548
0.146218,2.01021,200.645,10.0038,-8.88345,198.635,9.99071,-8.85718
0.146218,0.915251,200.098,10.0002,-8.8763,199.183,9.99427,-8.86434
0.2079,2.85421,208.625,0.992326,-9.0655,211.439,1.19686,-8.63669
0.2079,6.41005,206.872,0.864918,-9.33261,213.193,1.32427,-8.36958
0.182088,2.65998,209.921,9.88615,-8.82834,212.501,10.1891,-8.25868
0.186566,4.71142,216.681,1.13971,-8.47917,221.389,1.04766,-8.65597
0.112365,7.84326,207.513,9.70937,-0.11077,215.346,9.84046,0.267938
0.112365,2.07764,210.392,9.75755,0.0284249,212.467,9.79228,0.128743
0.112365,0.407786,211.226,9.77151,0.068739,211.634,9.77832,0.0884288
0.237444,1.87967,225.491,9.92785,-8.21339,227.278,10.2362,-7.71668
0.226893,0.660966,314.876,11.0204,-1.01162,314.676,10.3972,-1.10315
0.133328,2.31933,314.591,10.6986,-1.24194,312.285,10.7518,-1.48483
0.187391,1.30209,300.397,10.2339,5.17438,299.136,10.1483,4.86219
0.0872143,5.17312,293.267,10.2449,4.42714,298.426,10.2744,4.80665
0.0872143,2.54453,294.578,10.2524,4.52356,297.115,10.2669,4.71023
0.437436,2.0503,229.654,10.2974,-8.34463,227.648,10.5995,-8.04843
0.144483,1.34391,310.969,10.7404,-1.45897,309.646,10.5705,-1.62685
0.333525,0.612545,235.544,1.12724,-7.52379,234.963,1.04412,-7.69746
0.189887,4.45868,234.963,1.44441,-7.77928,239.414,1.32971,-7.55279
0.179755,8.94229,196.701,9.76818,-0.146153,205.64,9.57324,-0.308138
0.939477,2.53181,236.912,11.0368,-6.67178,238.795,10.6997,-8.33071
0.729177,1.81194,240.306,1.02007,-6.88972,241.864,0.495315,-7.65154
0.171245,1.54269,286.058,10.1417,4.07302,284.562,10.0685,3.70538
0.171245,4.70757,287.594,10.2169,4.45014,283.027,9.99332,3.32827
0.12072,0.850539,240.135,10.2687,-7.18166,239.299,10.2443,-7.33321
0.0533744,0.56074,301.422,10.6213,-2.55548,300.865,10.6836,-2.58008
0.592358,0.95352,245.129,0.731069,-7.20708,245.936,0.918222,-6.73475
0.167486,0.889452,245.969,1.27904,-7.17971,246.853,1.30477,-7.08965
0.210154,1.42523,248.157,1.23496,-6.86885,246.746,1.18203,-7.06687
0.202242,1.31473,273.77,10.0162,2.7916,274.959,10.381,3.21554
0.202242,2.02965,273.446,9.91708,2.67634,275.283,10.4802,3.3308
0.202242,1.61368,273.634,9.97478,2.7434,275.095,10.4225,3.26374
0.417966,1.6868,248.798,10.2503,-7.22701,250.037,10.1839,-6.08449
0.0866688,0.774378,290.095,10.556,-3.58176,290.864,10.5266,-3.49808
0.117643,4.09874,261.617,10.0276,2.20846,257.521,10.0443,2.03868
0.669168,1.767,256.763,10.6422,-6.91957,255.126,11.0391,-6.38544
0.669168,0.79513,256.312,10.7513,-6.77269,255.576,10.93,-6.53233
0.669168,1.75555,256.757,10.6435,-6.91784,255.131,11.0378,-6.38718
0.106523,0.619623,259.117,10.373,-6.08392,258.498,10.3833,-6.08691
0.106523,1.15835,259.387,10.3686,-6.08262,258.228,10.3878,-6.08821
0.116351,1.11532,263.086,1.92556,1.94017,261.972,1.91094,1.88368
0.116388,0.851075,264.486,10.5328,-5.62093,263.663,10.441,-5.81674
0.114386,0.634619,267.139,1.49891,-5.64596,266.509,1.48876,-5.72882
0.737966,1.37664,263.098,2.4695,1.58047,264.405,2.12676,1.31546
0.110244,10.4348,257.478,10.0056,1.97097,267.894,9.98991,2.59593
0.118947,0.771815,266.336,10.3722,-5.58321,265.566,10.4261,-5.58681
0.822677,3.17632,267.96,11.0561,-6.05335,264.84,11.3354,-5.52466
0.822677,4.86823,268.791,10.9817,-6.19416,264.01,11.4098,-5.38385
0.822677,2.12136,267.442,11.1025,-5.96555,265.359,11.289,-5.61246
0.515834,2.01598,282.066,1.98067,-4.82125,284.051,1.63508,-4.85597
0.972214,4.34448,286.868,2.93817,4.11658,282.806,2.58524,2.61657
0.0514208,2.54869,301.551,2.02749,4.79675,299.012,2.08882,4.58916
0.0453986,1.31595,297.109,2.09905,4.41743,298.422,2.0786,4.50638
0.0453986,3.27348,296.133,2.11426,4.35128,299.398,2.06339,4.57253
0.0453986,0.529284,297.501,2.09294,4.44402,298.029,2.08472,4.47979
0.0453986,0.462581,297.535,2.09242,4.44627,297.996,2.08523,4.47754
0.0453986,3.07402,296.232,2.11271,4.35802,299.299,2.06494,4.56579
0.0453986,2.24885,296.644,2.1063,4.38591,298.887,2.07135,4.5379
0.0453986,0.698232,297.417,2.09425,4.43831,298.114,2.0834,4.4855
0.0453986,0.588446,297.472,2.0934,4.44202,298.059,2.08426,4.48179
0.194209,2.67792,6.95229,8.70012,6.60434,4.28243,8.50079,6.66205
0.194209,3.91912,7.57103,8.74631,6.59097,3.66369,8.45459,6.67542
0.194209,4.90656,8.06326,8.78306,6.58033,3.17146,8.41784,6.68606
